שם ישוב,סמל ישוב,בזב,מצביעים,פסולים,כשרים,Arabs,Left,Right,Center,Orthodox
אבו ג'ווייעד (שבט),967,1915,275,5,270,188,15,3,50,0
אבו גוש,472,4707,1915,72,1843,858,348,236,334,32
אבו סנאן,473,9234,4845,82,4763,2744,248,844,701,68
אבו עבדון (שבט),958,138,12,0,12,5,5,0,0,0
אבו קורינאת (שבט),968,2927,640,11,629,467,30,14,91,2
אבו קרינאת (יישוב),1342,543,213,4,209,106,15,4,78,2
אבו רובייעה (שבט),966,3919,761,8,753,587,55,11,64,4
אבו רוקייק (שבט),961,4691,1129,13,1116,1025,30,11,26,6
אבו תלול,1375,867,390,4,386,365,5,5,5,1
אבטין,652,1774,645,18,627,351,29,15,74,151
אבטליון,1275,305,230,1,229,3,51,24,122,0
אביאל,679,521,412,2,410,2,71,94,211,1
אביבים,1115,332,246,1,245,0,1,202,0,35
אביגדור,819,617,498,0,498,0,70,55,321,5
אביחיל,175,972,745,1,744,2,126,112,456,2
אביטל,2052,384,293,0,293,0,6,218,22,20
אביעזר,1070,563,443,1,442,3,54,199,112,17
אבירים,1220,193,153,1,152,2,67,11,65,1
אבן יהודה,182,9833,7582,20,7562,8,941,1944,4012,106
אבן מנחם,1081,283,201,0,201,0,16,134,21,20
אבן ספיר,783,497,359,4,355,0,25,198,67,12
אבן שמואל,400,871,756,2,754,0,7,532,15,69
אבני איתן,4011,395,322,0,322,0,2,180,9,0
אבני חפץ,3793,1059,857,2,855,0,1,650,4,73
אבשלום,1311,240,147,6,141,0,6,93,30,3
אדורה,3759,245,195,0,195,0,7,113,32,2
אדירים,113,230,175,0,175,0,0,105,6,50
אדמית,1068,354,195,1,194,0,59,44,69,0
אדרת,1123,549,411,3,408,0,20,248,30,42
אודים,446,802,630,1,629,1,114,103,372,5
אודם,4010,113,88,0,88,0,6,11,45,0
אוהד,1046,253,187,1,186,1,16,73,66,2
אום אל-פחם,2710,34720,15671,138,15533,14292,824,202,111,26
אום אל-קוטוף,2024,693,363,1,362,220,81,4,17,39
אום בטין,1358,1920,647,13,634,557,22,10,22,2
אומן,1108,347,209,1,208,0,2,135,44,6
אומץ,680,510,380,0,380,0,70,41,235,4
אופקים,31,20939,13715,158,13557,3,215,6676,905,4784
אור הגנוז,1294,257,157,2,155,0,2,31,1,110
אור הנר,67,603,493,0,493,2,144,41,279,0
אור יהודה,2400,26963,18755,188,18567,15,671,10916,3090,2652
אור עקיבא,1020,15520,9773,72,9701,4,209,6650,1221,921
אורה,780,842,614,2,612,1,48,258,180,46
אורות,2012,434,316,1,315,0,61,46,190,1
אורטל,4013,248,193,1,192,1,25,23,97,1
אורים,403,449,257,1,256,2,102,19,120,0
אורנית,3760,6308,5039,10,5029,1,239,1696,2120,67
אושה,278,363,269,0,269,0,74,21,156,0
אזור,565,9703,6701,53,6648,6,385,3020,2075,569
אחווה,1157,187,144,2,142,0,19,34,83,2
אחוזם,821,391,277,0,277,0,5,202,7,36
אחוזת ברק,1330,1670,1294,10,1284,0,111,499,513,13
אחיהוד,785,645,513,0,513,0,8,375,24,69
אחיטוב,850,711,563,14,549,2,31,211,241,31
אחיסמך,804,868,686,5,681,0,4,547,18,93
אחיעזר,797,1149,958,3,955,0,1,459,12,394
אטרש (שבט),965,1494,226,1,225,169,7,3,33,1
איבים,338,100,5,0,5,0,0,1,2,2
אייל,716,389,322,2,320,1,104,15,183,0
איילת השחר,77,812,595,1,594,0,174,56,324,4
אילון,294,817,637,0,637,2,239,95,238,2
אילות,1126,249,164,0,164,0,60,20,80,0
אילניה,49,461,321,1,320,1,31,117,123,1
אילת,2600,50304,22851,168,22683,114,1080,12251,5942,1033
אירוס,1336,363,308,0,308,0,33,85,160,0
איתמר,3762,573,449,0,449,0,1,328,1,17
איתן,37,347,268,1,267,0,2,174,1,67
אכסאל,478,9369,4833,26,4807,4331,289,84,62,1
אל סייד,1359,1650,544,6,538,200,39,23,97,163
אל-עריאן,1316,128,64,4,60,29,12,9,2,0
אל-רום,4003,330,251,0,251,1,71,41,105,0
אלומה,1145,331,285,0,285,0,0,22,0,262
אלומות,330,312,227,0,227,0,59,32,112,2
אלון הגליל,1182,828,667,0,667,0,219,44,381,0
אלון מורה,3579,916,733,1,732,0,0,649,4,11
אלון שבות,3604,2169,1740,5,1735,1,36,850,52,23
אלוני אבא,429,666,530,1,529,2,107,53,344,1
אלוני הבשן,4017,217,159,2,157,0,1,81,4,4
אלוני יצחק,868,114,24,0,24,0,3,9,9,0
אלונים,285,513,397,1,396,0,120,24,228,1
אלי-עד,4002,296,226,2,224,0,29,42,103,1
אליאב,1365,178,165,1,164,0,18,23,74,0
אליכין,41,2612,1992,16,1976,0,71,1163,334,233
אליפז,1248,116,73,0,73,0,18,15,37,0
אליפלט,730,454,318,1,317,0,4,235,24,18
אליקים,682,590,433,0,433,0,5,256,32,82
אלישיב,204,473,367,0,367,0,13,202,83,12
אלישמע,841,814,662,5,657,4,24,329,195,45
אלמגור,1125,284,231,0,231,2,45,15,161,0
אלמוג,3556,194,136,0,136,0,32,19,57,0
אלעד,1309,19997,16927,135,16792,2,12,2493,47,13930
אלעזר,3618,1451,1172,1,1171,1,16,593,36,17
אלפי מנשה,3750,5711,4333,9,4324,1,228,1670,1770,93
אלקוש,603,256,160,0,160,1,8,114,14,14
אלקנה,3560,2501,2123,3,2120,0,6,1281,61,35
אמונים,772,694,504,2,502,0,19,211,195,31
אמירים,1064,587,420,2,418,1,112,58,176,3
אמנון,1253,262,207,0,207,0,20,106,40,1
אמציה,23,220,162,1,161,0,1,103,21,0
אניעם,4012,435,306,0,306,0,25,86,145,4
אסד (שבט),960,488,50,2,48,31,7,3,5,1
אספר,3754,344,262,7,255,0,0,56,0,137
אעבלין,529,8913,4508,64,4444,3302,480,164,272,161
אעצם (שבט),963,4482,961,18,943,849,31,12,14,4
אפיק,4301,251,178,0,178,0,45,27,79,0
אפיקים,176,1083,745,1,744,1,288,44,374,2
אפק,313,495,380,3,377,1,110,29,209,2
אפרת,3650,6951,5488,15,5473,1,63,2674,209,86
ארבל,701,446,339,1,338,0,38,128,128,4
ארגמן,3598,128,83,0,83,0,2,35,24,3
ארז,714,409,311,1,310,1,109,26,158,1
אריאל,3570,15122,10096,93,10003,6,156,6861,1232,160
ארסוף,1324,120,80,0,80,0,17,16,39,2
אשבול,71,407,320,1,319,0,10,172,63,28
אשדוד,70,177630,117488,1107,116381,73,2372,60037,19146,26868
אשדות יעקב  (איחוד),199,652,488,1,487,0,135,65,247,1
אשדות יעקב  (מאוחד),188,506,352,3,349,0,84,69,148,2
אשחר,1188,599,485,0,485,1,82,82,199,3
אשכולות,3722,347,271,1,270,0,11,128,82,3
אשל הנשיא,2021,114,79,0,79,0,13,28,26,0
אשלים,1152,387,292,1,291,0,45,82,108,1
אשקלון,7100,112413,70010,616,69394,44,1746,44536,10974,5944
אשרת,1256,407,306,2,304,0,20,173,57,4
אשתאול,740,753,617,2,615,2,43,353,69,88
באקה אל-גרביה,6000,18635,7991,130,7861,6549,772,94,305,39
באר אורה,21,550,416,2,414,2,58,130,166,7
באר גנים,1376,799,677,1,676,0,6,414,30,52
באר טוביה,155,784,635,1,634,1,98,73,426,5
באר יעקב,2530,15773,12021,87,11934,10,484,5548,4107,751
באר שבע,9000,161391,98993,970,98023,431,3881,58094,17141,7186
בארות יצחק,450,405,285,2,283,0,11,112,54,2
בארותיים,697,704,559,0,559,2,95,78,315,4
בארי,399,844,672,1,671,3,393,26,226,1
בוסתן הגליל,559,713,565,0,565,0,79,191,231,12
בועיינה-נוג'ידאת,482,6376,3342,60,3282,2484,248,75,216,108
בוקעאתא,4001,519,74,1,73,0,8,37,21,1
בורגתה,698,786,614,1,613,0,95,151,328,8
בחן,2043,576,460,1,459,1,90,43,300,1
בטחה,762,615,478,2,476,0,11,313,23,70
ביצרון,234,876,702,2,700,0,84,96,463,6
ביר אל-מכסור,998,6312,2001,26,1975,751,312,124,656,86
ביר הדאג',1348,1151,685,1,684,640,9,6,19,1
ביריה,368,588,436,1,435,0,12,303,31,61
בית אורן,317,302,198,0,198,1,53,22,100,3
בית אל,3574,3318,2825,6,2819,0,10,2322,9,71
בית אלעזרי,562,1036,811,4,807,1,101,224,384,7
בית אלפא,95,595,430,2,428,1,136,21,232,5
בית אריה,3652,3581,2677,13,2664,0,74,1373,660,82
בית ג'ן,480,8565,4923,26,4897,74,3368,373,934,81
בית גוברין,619,285,227,0,227,1,74,14,126,0
בית גמליאל,571,769,603,0,603,0,10,280,38,32
בית דגן,466,5027,3827,14,3813,2,132,2165,933,235
בית הגדי,723,573,477,2,475,0,4,359,6,65
בית הלוי,373,519,422,1,421,0,89,62,249,1
בית הלל,322,575,427,4,423,0,88,30,278,2
בית העמק,572,490,352,1,351,0,162,33,143,1
בית הערבה,3645,145,126,0,126,0,5,50,23,2
בית השיטה,242,1044,778,5,773,3,223,60,436,2
בית זיד,353,113,70,0,70,0,23,5,36,0
בית זית,710,1159,866,3,863,6,210,180,353,19
בית זרע,143,617,385,1,384,0,162,19,185,0
בית חורון,3575,803,671,4,667,0,6,349,37,22
בית חירות,877,598,473,0,473,1,135,9,320,0
בית חלקיה,2033,435,392,2,390,0,0,19,1,363
בית חנן,159,520,410,1,409,0,66,48,259,1
בית חנניה,800,615,485,0,485,3,66,68,309,6
בית חשמונאי,1050,1465,1134,2,1132,0,100,417,512,9
בית יהושע,288,716,549,1,548,1,105,69,336,2
בית יוסף,265,357,257,2,255,0,4,173,23,20
בית ינאי,200,307,196,0,196,5,39,11,134,0
בית יצחק-שער חפר,326,1612,1267,2,1265,0,215,163,827,6
בית לחם הגלילית,430,621,485,1,484,1,93,64,294,1
בית מאיר,751,374,275,1,274,0,5,151,13,37
בית נחמיה,784,618,494,2,492,1,59,169,203,1
בית ניר,16,429,331,0,331,0,161,11,148,0
בית נקופה,672,464,363,3,360,1,52,134,127,15
בית עובד,202,239,180,0,180,0,43,22,110,0
בית עוזיאל,301,463,334,0,334,0,18,181,80,10
בית עזרא,756,838,663,6,657,1,43,253,248,35
בית עריף,604,722,579,1,578,0,23,355,104,45
בית צבי,212,68,39,0,39,0,0,33,0,5
בית קמה,598,664,544,0,544,1,154,74,284,2
בית קשת,365,478,354,2,352,3,159,26,147,0
בית רבן,848,342,283,0,283,0,1,205,0,24
בית רימון,1162,368,322,0,322,0,14,142,11,2
בית שאן,9200,14180,9906,63,9843,8,112,6365,516,1659
בית שמש,2610,62152,40588,371,40217,13,461,14818,1714,19917
בית שערים,248,471,382,3,379,3,80,44,218,0
בית שקמה,747,571,399,1,398,0,9,277,30,43
ביתן אהרן,252,180,137,1,136,0,17,19,88,2
ביתר עילית,3780,24740,19989,173,19816,1,14,1666,29,17785
בלפוריה,94,394,324,0,324,1,34,84,163,3
בן זכאי,760,591,484,5,479,0,3,338,17,90
בן עמי,712,551,435,0,435,0,65,115,199,11
בן שמן (כפר נוער),1084,236,165,0,165,1,29,45,75,1
בן שמן (מושב),2013,584,457,2,455,2,56,123,236,4
בני ברק,6100,109000,84202,1398,82804,16,319,7048,1019,73100
בני דקלים,1368,487,418,0,418,0,0,354,0,10
בני דרום,592,462,401,2,399,0,5,181,44,8
בני דרור,386,1004,805,11,794,1,156,148,437,1
בני יהודה,4015,891,599,5,594,1,65,176,279,3
בני נצרים,1363,284,253,2,251,0,1,231,1,7
בני עטרות,448,609,518,0,518,2,89,58,321,4
"בני עי""ש",1066,5787,3839,38,3801,3,63,2503,598,285
בני ציון,418,824,619,1,618,2,105,82,395,3
בני ראם,588,881,710,1,709,0,6,428,23,94
בניה,685,621,530,0,530,0,69,117,294,3
בנימינה-גבעת עדה,9800,10073,7652,27,7625,24,1270,1733,3873,91
"בסמ""ה",1326,6431,2554,41,2513,1953,352,89,44,31
בסמת טבעון,944,5223,1664,35,1629,744,174,86,453,95
בענה,483,5507,3966,22,3944,3277,104,152,36,160
בצרה,389,776,582,1,581,0,90,64,382,5
בצת,589,289,215,0,215,1,25,45,115,4
בקוע,864,514,417,0,417,0,25,238,81,21
בקעות,3612,136,113,0,113,0,2,41,39,2
בר גיורא,823,415,321,0,321,1,25,186,60,12
בר יוחאי,1191,597,412,0,412,0,0,286,7,63
ברוכין,3744,427,385,1,384,0,0,284,1,6
ברור חיל,428,745,540,0,540,4,150,75,280,1
ברוש,2060,316,246,1,245,0,19,156,33,13
ברכה,3710,1101,976,1,975,0,5,846,8,10
ברכיה,746,761,645,1,644,0,3,386,16,182
ברעם,667,494,341,0,341,3,176,11,143,1
ברק,141,301,216,0,216,0,19,93,76,8
ברקאי,617,511,347,2,345,2,182,10,140,0
ברקן,3654,1335,995,4,991,1,33,595,143,6
ברקת,2038,1118,949,1,948,0,3,736,14,119
בת הדר,1323,500,385,1,384,1,28,195,114,15
בת חן,1361,434,316,2,314,0,47,39,212,4
בת חפר,1319,3970,3023,15,3008,0,369,614,1743,20
בת ים,6200,124102,64948,570,64378,103,2527,37923,13999,4939
בת עין,3794,851,650,0,650,0,4,338,4,36
בת שלמה,33,432,358,3,355,2,75,72,168,3
ג'דיידה-מכר,1292,14098,6293,79,6214,5319,312,63,127,66
ג'ולס,485,4606,2574,25,2549,13,213,577,1426,70
ג'לג'וליה,627,6209,4248,33,4215,3249,590,28,124,192
ג'נאביב (שבט),976,448,155,3,152,42,43,5,21,5
ג'סר א-זרקא,541,8690,1892,20,1872,1230,166,78,129,223
ג'ש (גוש חלב),487,2438,1153,18,1135,614,115,149,179,39
ג'ת,628,7972,2977,45,2932,2412,390,29,68,2
גאולי תימן,872,268,207,2,205,1,16,122,35,7
גאולים,379,678,530,3,527,0,57,219,179,22
גאליה,853,853,658,3,655,2,73,141,381,2
גבולות,352,300,200,0,200,1,89,33,66,0
גבים,424,449,345,1,344,1,117,30,182,1
גבע,86,524,377,0,377,0,135,8,218,0
גבע בנימין,3763,3116,2310,14,2296,3,26,1400,148,382
גבע כרמל,683,721,561,3,558,0,75,167,264,0
גבעולים,2014,293,239,0,239,0,3,183,7,21
גבעון החדשה,3644,1015,720,4,716,1,38,343,170,21
גבעות בר,1344,550,437,0,437,1,38,138,171,3
גבעת אבני,1293,1637,1146,4,1142,1,57,485,406,31
גבעת אלה,1288,1627,1297,0,1297,1,266,139,827,2
גבעת ברנר,147,1886,1415,1,1414,5,416,157,757,4
גבעת השלושה,870,497,392,2,390,0,110,40,216,2
גבעת זאב,3730,11431,8734,39,8695,3,173,3815,802,3030
"גבעת ח""ן",207,297,257,0,257,2,57,24,155,0
גבעת חיים (איחוד),2018,959,741,1,740,1,238,14,466,2
גבעת חיים (מאוחד),173,886,680,3,677,3,259,54,330,1
גבעת יואב,4021,469,355,0,355,0,34,87,189,2
גבעת יערים,787,933,715,0,715,2,108,316,177,37
גבעת ישעיהו,919,510,396,1,395,2,107,72,168,8
"גבעת כ""ח",802,660,480,2,478,0,23,267,102,22
"גבעת ניל""י",360,432,361,0,361,0,41,172,115,1
גבעת עוז,703,410,279,0,279,1,78,21,153,0
גבעת שמואל,681,17890,13986,39,13947,20,707,6088,3187,762
גבעת שפירא,1077,212,168,0,168,0,26,16,117,0
גבעתי,793,630,449,6,443,0,20,248,108,23
גבעתיים,6300,48210,34524,115,34409,145,5980,7836,17409,489
גברעם,342,320,246,0,246,0,45,30,146,1
גבת,133,681,553,1,552,0,172,30,332,0
גדות,35,374,248,2,246,1,104,9,117,0
גדיש,145,275,194,0,194,0,2,162,7,12
גדעונה,442,290,214,0,214,0,14,98,36,22
גדרה,2550,17315,12813,61,12752,17,932,5642,4475,480
גונן,852,345,241,2,239,1,80,16,119,1
גורן,755,348,256,1,255,0,11,163,25,42
גורנות הגליל,1219,169,115,0,115,0,7,53,31,19
גזית,457,631,460,0,460,0,210,18,217,2
גזר,370,385,203,1,202,3,72,16,103,0
גיאה,706,554,441,0,441,1,66,96,227,5
גיבתון,196,257,200,0,200,0,39,22,122,2
גיזו,1043,143,114,0,114,0,26,48,25,1
גילון,1204,879,680,0,680,0,102,99,421,0
גילת,736,997,760,2,758,0,24,461,142,23
גינוסר,262,548,388,0,388,1,95,68,204,1
גיניגר,92,555,394,0,394,0,144,40,190,0
גינתון,863,654,515,2,513,0,65,126,260,6
גיתה,1206,197,137,1,136,0,35,55,37,0
גיתית,3613,241,192,0,192,0,4,103,26,0
גלאון,393,449,310,0,310,0,136,23,144,0
גלגל,3606,147,86,0,86,1,12,31,28,0
גליל ים,346,346,273,3,270,3,91,17,143,7
גלעד (אבן יצחק),369,376,283,0,283,1,87,9,178,0
גמזו,745,676,568,1,567,0,13,293,22,27
גן הדרום,1072,342,275,0,275,0,18,96,138,1
גן השומרון,225,619,476,0,476,2,96,56,288,3
גן חיים,239,537,439,0,439,1,83,55,282,1
גן יאשיה,734,624,493,2,491,0,99,51,305,1
גן יבנה,166,16209,12259,56,12203,8,532,5892,3932,540
גן נר,1274,2104,1532,4,1528,2,122,626,558,20
גן שורק,311,262,198,0,198,1,26,40,112,0
גן שלמה,144,397,330,1,329,2,106,15,194,1
גן שמואל,72,871,672,1,671,2,318,11,331,0
גנות,836,348,267,0,267,0,29,88,127,3
גנות הדר,549,703,541,1,540,0,63,140,283,8
גני הדר,1103,248,197,0,197,1,35,44,109,0
גני טל,1371,408,375,3,372,0,0,197,9,8
גני יוחנן,862,535,401,2,399,0,24,143,193,11
גני מודיעין,3823,1825,1431,11,1420,0,3,564,9,684
גני עם,218,212,170,0,170,0,42,33,84,0
גני תקווה,229,14043,11046,36,11010,16,1022,3154,5048,953
געש,842,649,514,0,514,6,216,24,242,0
געתון,463,545,385,1,384,0,158,28,177,0
גפן,39,254,187,2,185,0,4,126,12,24
גרופית,1129,284,179,0,179,1,34,16,122,0
גשור,4022,223,158,0,158,0,27,28,83,2
גשר,305,418,267,5,262,2,117,19,101,0
גשר הזיו,574,1176,847,1,846,0,183,215,373,1
גת (קיבוץ),340,539,392,0,392,1,130,29,216,0
גת רימון,128,197,146,0,146,0,21,36,81,2
דאלית אל-כרמל,494,12488,7464,60,7404,152,760,2132,4101,38
דבורה,146,230,161,0,161,0,17,40,88,1
דבוריה,489,6887,3780,30,3750,3433,146,96,36,4
דבירה,849,651,496,1,495,1,150,49,264,0
דברת,407,302,206,1,205,0,42,22,124,4
דגניה א',62,515,367,0,367,0,131,17,194,0
דגניה ב',79,545,426,2,424,0,126,37,236,4
"דוב""ב",1067,359,252,0,252,0,1,207,13,14
דולב,3747,813,686,1,685,0,4,432,3,10
דור,738,276,221,1,220,0,24,54,126,3
דורות,336,551,418,1,417,2,147,21,204,0
דחי,475,491,136,0,136,89,17,9,11,8
דייר אל-אסד,490,8056,5919,35,5884,4630,397,179,88,533
דייר חנא,492,7194,5357,8,5349,4744,119,195,103,131
דימונה,2200,27937,16802,214,16588,30,351,11388,2022,1496
דישון,2063,294,207,2,205,0,9,113,32,19
דליה,300,658,498,2,496,3,238,14,233,1
דלתון,431,618,460,3,457,0,3,365,5,62
דמיידה,1317,315,153,2,151,110,13,6,11,0
דן,303,527,405,0,405,1,173,10,204,0
דפנה,302,569,459,0,459,2,130,45,254,1
דקל,1241,258,188,0,188,0,25,55,86,0
דריג'את,1349,528,336,3,333,189,78,25,29,6
האון,702,153,94,1,93,0,27,23,29,3
הבונים,675,292,204,0,204,0,59,17,117,0
הגושרים,356,630,474,2,472,2,126,68,246,4
הדר עם,191,510,426,1,425,1,99,39,263,0
הוד השרון,9700,45512,34904,104,34800,44,4243,8844,18655,709
הודיה,726,496,337,0,337,0,15,196,61,28
הוואשלה (שבט),1169,1045,374,8,366,333,7,2,9,4
הוזייל (שבט),956,1095,357,5,352,285,27,11,26,0
הושעיה,1186,1340,1087,2,1085,0,40,354,198,12
הזורע,250,882,623,2,621,3,268,29,298,5
הזורעים,307,515,423,1,422,0,5,272,18,10
החותרים,434,576,453,0,453,0,170,24,244,1
היוגב,684,571,459,2,457,0,82,34,318,1
הילה,1208,477,352,0,352,0,101,33,185,2
המעפיל,377,626,484,0,484,0,158,27,279,4
הסוללים,677,712,550,5,545,1,100,68,333,9
העוגן,423,610,465,3,462,6,178,18,242,0
הר אדר,3769,3003,2373,5,2368,4,317,571,1203,13
הר גילה,3603,973,766,1,765,1,52,392,163,34
הר עמשא,1261,106,76,0,76,0,21,14,22,0
הראל,464,221,121,0,121,2,41,6,69,0
הרדוף,1249,407,338,2,336,7,168,8,144,0
הרצליה,6400,81001,54927,217,54710,97,6211,16632,26163,1746
הררית,1203,333,256,0,256,3,101,19,111,1
ורד יריחו,3639,226,177,1,176,0,6,85,44,3
ורדון,1133,219,171,1,170,0,30,79,43,4
זבדיאל,815,403,340,2,338,0,1,220,7,90
זוהר,44,267,204,1,203,0,7,125,25,28
זיקים,584,699,495,0,495,2,151,69,233,1
זיתן,788,825,663,3,660,0,13,478,72,55
זכרון יעקב,9300,16729,12486,41,12445,13,1610,2941,5620,1231
זכריה,799,756,577,1,576,0,9,433,52,29
זמר,1290,4610,2075,24,2051,1500,321,43,58,103
זמרת,1065,362,322,0,322,0,4,229,8,40
זנוח,816,396,283,0,283,0,5,207,18,32
זרועה,2064,285,213,1,212,0,4,150,16,18
זרזיר,975,5230,1891,32,1859,424,261,126,932,15
זרחיה,818,479,399,1,398,0,2,274,10,81
ח'ואלד,1321,488,222,5,217,157,12,2,19,15
חבצלת השרון,235,339,225,2,223,0,26,55,118,15
חבר,1110,348,232,1,231,0,11,129,51,10
חברון,3400,285,226,0,226,0,1,176,6,1
חגור,717,706,574,2,572,0,54,153,307,12
חגי,3764,324,270,2,268,0,0,217,0,1
חגלה,205,499,409,1,408,0,110,35,243,0
חד-נס,4026,630,398,0,398,0,28,129,178,3
חדיד,618,602,473,4,469,0,14,303,65,40
חדרה,6500,75611,47508,404,47104,71,2385,25322,12212,3508
חולדה,160,625,528,0,528,0,114,76,299,1
חולון,6600,157915,101653,733,100920,79,5678,49451,29245,8377
חולית,1239,133,92,0,92,0,25,11,42,0
חולתה,253,430,323,1,322,0,145,28,110,1
חוסן,662,716,531,1,530,0,21,337,96,37
חוסנייה,1332,531,239,9,230,148,10,3,13,39
חופית,115,727,522,0,522,0,101,55,345,1
חוקוק,374,445,307,0,307,6,128,32,119,0
חורה,1303,7663,2241,38,2203,1776,205,55,109,27
חורפיש,496,4469,2363,7,2356,58,524,477,821,101
חורשים,355,289,196,0,196,0,67,31,86,0
חזון,1047,263,212,0,212,0,4,173,7,20
חיבת ציון,219,444,363,0,363,0,65,72,182,2
חיננית,3643,772,604,9,595,0,5,452,18,10
חיפה,4000,247866,145606,1028,144578,8783,14924,55096,47261,8141
חירות,162,929,765,1,764,1,176,45,510,1
חלוץ,1272,399,282,1,281,0,91,23,152,1
חלמיש,3573,752,609,2,607,0,4,379,6,14
חלץ,820,346,240,0,240,0,14,158,14,22
חמאם,993,1137,422,10,412,227,36,31,92,8
חמד,801,561,491,0,491,0,9,221,60,43
חמדיה,343,295,209,1,208,0,39,36,107,1
חמדת,3646,114,100,0,100,0,0,51,0,3
חמרה,3609,135,97,0,97,0,6,38,25,1
חניאל,807,661,489,2,487,2,81,73,310,1
חניתה,280,728,391,0,391,3,124,52,179,1
חנתון,1257,520,393,0,393,1,81,81,183,1
חספין,4005,801,632,1,631,0,4,452,7,14
חפץ חיים,363,342,301,0,301,0,0,214,7,5
חפצי-בה,90,566,420,1,419,1,124,74,182,2
חצב,700,866,661,4,657,0,39,350,200,16
חצבה,13,502,403,0,403,0,61,39,250,4
חצור הגלילית,2034,7024,4906,24,4882,1,82,3002,295,1220
חצור-אשדוד,406,660,468,0,468,1,202,23,234,1
חצרים,397,813,613,1,612,1,204,31,358,1
חרב לאת,422,521,410,0,410,1,62,88,228,3
חרוצים,1024,584,442,3,439,1,53,146,180,14
חריש,1247,4542,3392,24,3368,14,147,1607,708,379
חרמש,3717,204,141,1,140,0,6,88,19,0
חרשים,1209,224,182,0,182,4,107,5,59,1
חשמונאים,3770,2305,1801,5,1796,1,14,873,59,116
טבריה,6700,34701,20584,132,20452,14,365,11927,2120,4603
טובא-זנגריה,962,4384,1328,35,1293,416,171,89,531,23
טורעאן,498,9258,4431,38,4393,3841,227,86,144,9
טייבה,2730,27542,17029,220,16809,15002,1327,88,193,113
טייבה (בעמק),497,1193,472,6,466,261,134,20,21,13
טירה,2720,17873,10661,101,10560,7325,2644,200,270,12
טירת יהודה,663,775,644,4,640,0,19,389,31,34
טירת כרמל,2100,18310,11849,84,11765,7,268,7816,1714,1051
טירת צבי,268,520,420,1,419,0,28,122,64,1
טל שחר,462,763,618,0,618,3,122,93,351,6
טל-אל,1181,922,691,5,686,2,72,190,353,2
טללים,1177,311,225,0,225,0,34,42,115,2
טלמון,3788,2025,1760,6,1754,0,0,1303,3,39
טמרה,8900,22245,13019,68,12951,10026,883,289,181,406
טמרה (יזרעאל),547,1012,552,1,551,513,16,8,7,0
טנא,3743,499,384,2,382,0,9,205,65,6
טפחות,1214,252,199,0,199,0,1,171,1,10
יאנוח-ג'ת,1295,4492,2597,14,2583,37,154,932,729,23
יבול,1232,206,170,0,170,0,41,29,77,4
יבנאל,46,2498,1681,6,1675,3,50,544,316,628
יבנה,2660,33073,24664,181,24483,14,1002,12440,6887,2118
יגור,96,1338,930,1,929,0,361,61,475,0
יגל,798,620,499,1,498,0,17,335,61,51
יד בנימין,577,2084,1719,1,1718,0,4,1118,15,258
יד השמונה,1134,163,117,0,117,0,4,46,47,0
יד חנה,758,557,445,1,444,3,68,83,267,0
יד מרדכי,358,695,526,1,525,0,168,70,260,1
יד נתן,775,406,317,2,315,0,32,59,188,5
"יד רמב""ם",64,834,631,2,629,0,21,425,73,49
יהוד-מונוסון,9400,23080,17210,73,17137,16,1283,7132,6686,603
יהל,1158,214,118,1,117,1,28,22,61,0
יובל,2009,427,322,1,321,0,37,117,118,11
יובלים,1226,981,798,2,796,3,218,52,471,1
יודפת,1112,589,480,1,479,7,184,17,246,0
יונתן,4007,357,291,0,291,0,6,112,19,2
יושיביה,803,329,259,1,258,0,2,144,6,77
יזרעאל,452,566,354,3,351,1,129,20,185,0
יחיעם,409,553,484,1,483,3,168,50,241,0
יטבתה,866,666,421,1,420,2,175,17,207,2
"ייט""ב",3607,204,164,0,164,0,0,123,6,1
יכיני,811,476,374,0,374,0,10,256,37,28
ינוב,753,614,477,2,475,0,57,178,177,13
ינון,2011,890,680,6,674,18,48,410,84,32
יסוד המעלה,29,1215,895,2,893,2,123,222,450,5
יסודות,440,322,306,3,303,0,0,8,1,288
יסעור,575,533,398,5,393,0,85,41,240,1
יעד,1138,548,427,1,426,3,165,12,229,0
יעף,1044,170,147,0,147,3,32,28,66,0
יערה,795,549,402,2,400,1,16,188,63,102
יפיע,499,12845,5741,102,5639,4642,421,214,223,67
יפית,3566,158,107,0,107,0,2,71,13,2
יפעת,134,809,600,3,597,3,183,65,307,1
יפתח,453,533,386,2,384,0,123,25,216,0
יצהר,3749,659,538,2,536,1,0,481,1,10
יציץ,759,582,429,3,426,0,15,289,63,23
יקום,417,538,433,2,431,0,181,11,221,0
יקיר,3647,1185,1045,5,1040,0,5,600,11,13
יקנעם (מושבה),241,1009,784,1,783,2,180,79,475,1
יקנעם עילית,240,17627,12325,91,12234,9,786,6197,3528,439
יראון,623,368,220,1,219,1,96,10,102,0
ירדנה,2026,282,203,2,201,0,7,123,37,4
ירוחם,831,7230,4807,54,4753,36,130,2669,502,786
ירושלים,3000,410258,262103,2054,260049,2147,16205,91299,30576,96405
ירחיב,718,799,595,3,592,0,33,336,151,25
ירכא,502,10483,7155,81,7074,249,540,3291,2051,674
ירקונה,183,311,234,1,233,0,46,25,151,2
ישע,916,275,202,1,201,0,35,69,75,0
ישעי,805,555,423,3,420,0,5,276,9,102
ישרש,828,716,557,3,554,0,20,300,136,31
יתד,1227,326,244,1,243,0,19,111,78,2
כאבול,504,7857,5057,38,5019,4627,121,61,19,123
כאוכב אבו אל-היג'א,505,2559,1626,9,1617,1553,43,3,11,0
כברי,576,844,624,5,619,3,195,37,354,0
כדיתה,1338,130,70,0,70,0,9,27,15,3
כוכב השחר,3564,1177,997,1,996,0,0,719,4,27
כוכב יאיר,1224,7751,6016,8,6008,4,809,1294,3135,28
כוכב יעקב,3779,4085,3319,24,3295,0,4,1193,11,1797
כוכב מיכאל,824,698,529,2,527,1,70,91,312,3
כורזים,1252,336,247,0,247,1,49,37,127,4
כחל,1210,347,261,0,261,0,48,24,160,1
כחלה,1367,237,129,5,124,18,22,2,76,1
כיסופים,840,287,157,0,157,1,68,13,60,0
כישור,1153,120,92,0,92,0,24,16,48,1
כליל,1183,440,335,0,335,18,185,21,91,0
כלנית,1229,184,141,0,141,0,0,114,2,16
כמאנה,1331,1011,412,5,407,303,35,9,50,4
כמהין,1291,227,175,0,175,0,40,23,76,0
כמון,1201,532,404,0,404,2,137,19,229,3
כנף,4028,318,250,0,250,0,34,37,127,0
כנרת (מושבה),63,521,381,2,379,0,43,127,169,4
כנרת (קבוצה),57,632,421,1,420,0,125,51,211,1
כסיפה,1059,8117,3356,32,3324,2854,171,63,146,32
כסלון,859,274,212,0,212,0,14,122,19,40
כסרא-סמיע,1296,5527,3888,14,3874,60,542,2234,711,134
כעביה-טבאש-חג'אג'רה,978,3583,1556,31,1525,514,328,124,401,4
כפר אביב,857,531,410,0,410,1,49,81,233,9
כפר אדומים,3638,2496,1978,5,1973,2,80,805,277,18
כפר אוריה,364,542,430,1,429,1,102,114,173,6
כפר אחים,690,530,443,3,440,0,13,161,224,4
כפר ביאליק,220,468,362,1,361,1,44,83,190,4
"כפר ביל""ו",177,868,702,4,698,0,134,102,423,11
כפר בלום,357,731,514,4,510,0,137,96,236,3
כפר בן נון,2010,523,421,3,418,0,102,105,181,0
כפר ברא,633,2279,1476,5,1471,1002,397,12,30,22
כפר ברוך,132,362,287,0,287,0,38,72,149,1
כפר גדעון,106,182,146,1,145,0,2,39,13,69
כפר גלים,427,89,61,2,59,0,7,25,20,0
כפר גליקסון,310,279,214,1,213,0,72,12,123,0
כפר גלעדי,76,562,358,0,358,0,113,25,200,1
כפר דניאל,707,491,380,3,377,0,80,50,225,0
כפר האורנים,3796,1587,1214,3,1211,0,164,205,724,12
כפר החורש,192,475,371,2,369,0,111,44,188,0
כפר המכבי,254,305,216,0,216,0,50,18,139,0
כפר הנגיד,582,756,589,1,588,0,64,114,338,5
כפר הנשיא,443,709,412,2,410,2,117,31,218,0
כפר הס,187,1044,804,0,804,2,197,56,515,0
"כפר הרא""ה",217,717,588,0,588,0,13,341,58,12
"כפר הרי""ף",888,577,446,1,445,1,62,79,270,1
כפר ויתקין,190,1406,1085,3,1082,2,281,72,686,1
כפר ורבורג,320,817,652,1,651,1,83,126,403,4
כפר ורדים,1263,4664,3452,9,3443,27,719,646,1771,15
כפר זיתים,786,491,354,1,353,0,4,247,30,29
"כפר חב""ד",696,4087,2791,1,2790,2,3,2009,6,602
כפר חושן,609,579,420,1,419,0,11,269,48,57
כפר חיטים,255,502,344,1,343,0,24,133,136,6
כפר חיים,193,416,326,1,325,1,85,31,197,1
כפר חנניה,1297,514,375,2,373,1,31,186,110,9
כפר חסידים א',112,514,392,0,392,0,30,117,154,26
כפר חסידים ב',889,219,162,0,162,0,5,65,44,9
כפר חרוב,4004,379,243,0,243,1,51,24,146,0
כפר טרומן,673,572,460,0,460,1,46,156,202,5
כפר יאסיף,507,7785,4739,43,4696,3869,390,203,155,38
כפר ידידיה,233,482,397,1,396,1,85,32,257,0
כפר יהושע,140,829,666,0,666,1,166,58,404,0
כפר יונה,168,15429,11417,75,11342,6,719,4934,4245,463
כפר יחזקאל,85,712,582,1,581,1,110,63,356,2
כפר יעבץ,170,461,364,0,364,1,6,230,28,32
כפר כמא,508,2555,1075,13,1062,46,205,57,719,3
כפר כנא,509,14304,6919,90,6829,5655,321,275,157,84
כפר מונש,387,624,477,1,476,2,100,59,303,0
כפר מימון,1095,407,341,0,341,0,4,223,18,6
"כפר מל""ל",98,291,237,0,237,0,57,43,131,0
כפר מנדא,510,12249,7593,77,7516,5981,450,218,76,724
כפר מנחם,274,877,673,1,672,2,214,42,382,2
כפר מסריק,297,581,407,2,405,1,151,25,206,2
כפר מצר,512,1751,790,23,767,491,66,32,66,75
כפר מרדכי,764,466,372,2,370,0,75,33,244,2
כפר נטר,316,728,598,1,597,0,107,85,369,1
כפר סאלד,345,473,353,3,350,0,127,22,189,0
כפר סבא,6900,80130,58662,239,58423,100,7089,18449,26837,1508
כפר סילבר,107,83,34,0,34,0,2,10,20,0
כפר סירקין,249,965,774,0,774,3,95,113,516,4
כפר עזה,845,714,530,2,528,3,152,33,292,1
כפר עציון,3488,464,358,1,357,0,13,137,20,0
כפר פינס,189,372,315,1,314,0,5,198,14,2
כפר קאסם,634,14659,9472,120,9352,5295,3664,88,227,18
כפר קיש,388,432,325,4,321,0,50,59,176,2
כפר קרע,654,12611,5954,57,5897,4805,656,83,139,74
כפר ראש הנקרה,579,992,734,2,732,2,151,148,344,8
כפר רוזנואלד (זרעית),1130,222,154,0,154,0,10,111,18,6
כפר רופין,295,386,269,0,269,0,76,28,145,1
כפר רות,1166,185,152,0,152,0,19,23,80,4
כפר שמאי,605,334,245,2,243,0,9,172,10,28
כפר שמואל,743,588,498,1,497,2,69,97,297,0
כפר שמריהו,267,1864,1219,8,1211,2,167,209,756,10
כפר תבור,47,3310,2483,9,2474,6,275,669,1256,20
כפר תפוח,3572,602,488,1,487,0,2,356,4,16
כרכום,1285,458,321,1,320,0,61,70,148,2
כרם בן זמרה,664,397,314,0,314,0,8,206,48,17
כרם יבנה (ישיבה),1094,158,140,0,140,0,0,119,0,17
"כרם מהר""ל",580,648,504,0,504,3,107,70,264,0
כרם שלום,1085,126,68,1,67,0,15,26,16,0
כרמי יוסף,1264,1420,1103,1,1102,1,223,155,650,6
כרמי צור,3766,538,450,1,449,0,0,319,1,15
כרמי קטיף,1374,176,157,0,157,0,0,133,0,1
כרמיאל,1139,41234,24970,259,24711,232,1216,13564,6557,1195
כרמיה,768,451,334,0,334,4,97,57,131,0
כרמים,1198,206,163,1,162,1,50,21,52,0
כרמל,3656,264,227,0,227,0,1,169,4,2
לבון,1207,430,337,0,337,1,46,76,178,3
לביא,585,502,385,4,381,1,12,171,42,5
לבנים,1230,323,240,1,239,1,23,94,72,4
להב,2023,442,312,0,312,0,142,10,144,0
להבות הבשן,380,674,491,2,489,4,174,55,216,1
להבות חביבה,715,576,455,1,454,1,129,24,278,1
להבים,1271,4867,3803,7,3796,36,551,974,1821,19
לוד,7000,54846,30790,314,30476,3334,980,17646,3757,2130
לוזית,52,439,324,2,322,2,31,142,59,47
לוחמי הגיטאות,595,533,432,1,431,0,121,43,247,0
לוטם,1171,492,360,2,358,0,90,38,206,1
לוטן,1255,171,93,1,92,1,37,14,34,0
לימן,674,535,394,0,394,0,27,129,181,4
לכיש,24,561,460,0,460,1,141,27,256,2
לפיד,1310,1807,1398,1,1397,4,197,302,723,3
לפידות,1173,123,90,0,90,0,3,52,19,7
לקיה,1060,7305,1676,19,1657,1378,85,86,80,2
מאור,2055,881,694,2,692,1,87,233,297,19
מאיר שפיה,102,106,54,0,54,0,6,21,19,0
מבוא ביתר,771,601,459,1,458,1,51,173,143,3
מבוא דותן,3569,275,192,0,192,0,1,129,12,1
מבוא חורון,3709,1094,987,2,985,0,2,746,5,97
מבוא חמה,4204,401,283,1,282,1,81,20,160,0
מבוא מודיעים,1141,184,120,0,120,0,3,50,9,17
מבועים,1080,910,679,0,679,0,37,331,174,27
מבטחים,829,385,234,0,234,0,8,142,32,15
מבקיעים,573,368,276,0,276,0,9,138,84,10
מבשרת ציון,1015,18871,13883,37,13846,26,1831,6016,4309,538
מג'ד אל-כרום,516,10104,6170,24,6146,5608,301,26,48,100
מג'דל שמס,4201,801,139,2,137,0,13,48,64,2
מגאר,481,15692,7464,124,7340,3186,604,528,2296,540
מגדים,689,782,617,3,614,0,50,214,272,19
מגדל,65,1388,934,1,933,1,21,594,103,143
מגדל העמק,874,21275,13457,108,13349,16,348,8423,1664,1995
מגדל עוז,3561,250,173,0,173,0,0,82,2,2
מגדלים,3751,226,173,0,173,0,2,95,21,0
מגידו,586,621,469,1,468,1,121,46,267,2
מגל,375,802,655,0,655,1,203,21,403,0
מגן,695,463,343,2,341,2,181,17,133,0
מגן שאול,1155,376,303,1,302,0,9,189,69,8
מגשימים,722,669,526,0,526,0,76,109,306,2
מדרך עוז,2029,555,394,3,391,0,14,210,99,27
מדרשת בן גוריון,1140,1145,863,1,862,5,351,88,353,0
מודיעין עילית,3797,27232,23004,619,22385,4,9,326,22,21841
מודיעין-מכבים-רעות,1200,61450,47975,138,47837,49,4946,15166,20233,850
מולדת,269,801,627,0,627,0,128,46,401,5
מוצא עילית,208,900,658,1,657,6,157,119,329,5
מוקייבלה,635,2513,851,21,830,697,66,6,54,1
מורן,1163,333,255,0,255,0,72,24,146,0
מורשת,1178,963,766,0,766,0,6,501,14,9
מזור,606,799,626,2,624,3,81,85,404,1
מזכרת בתיה,28,10351,8088,23,8065,5,741,2787,3413,145
מזרע,104,680,500,0,500,0,193,18,274,1
מזרעה,517,2852,1685,7,1678,1428,139,9,40,5
מחולה,3599,484,415,0,415,0,2,232,13,5
מחנה הילה,1411,115,98,0,98,0,9,20,55,0
מחנה טלי,1418,159,109,0,109,0,6,23,61,2
מחנה יהודית,1413,135,111,0,111,0,8,32,55,3
מחנה יוכבד,1416,120,85,2,83,0,6,20,51,2
מחנה יפה,1415,216,161,0,161,0,10,54,76,1
מחנה מרים,1414,103,80,0,80,0,8,22,45,1
מחנה תל נוף,1412,191,139,0,139,0,11,39,76,0
מחניים,308,531,390,1,389,0,113,85,148,3
מחסיה,776,317,249,2,247,0,2,155,27,49
מטולה,43,1417,925,2,923,1,150,200,441,6
מטע,822,531,393,0,393,4,85,151,89,8
מי עמי,1128,254,207,2,205,2,77,10,105,0
מיטב,2054,377,296,0,296,0,4,220,35,4
מייסר,649,1279,467,0,467,365,78,2,11,0
מיצר,4019,122,95,0,95,0,16,6,51,0
מירב,1282,368,306,0,306,0,4,119,16,2
מירון,607,443,298,0,298,0,4,159,7,96
מישר,731,478,382,0,382,2,56,54,239,3
מיתר,1268,6718,5155,11,5144,10,544,1785,2014,48
מכורה,3614,133,93,1,92,0,10,34,35,0
מכחול,1343,394,106,1,105,62,12,3,18,4
מכמורת,382,1045,732,1,731,2,165,56,470,1
מכמנים,1202,350,271,0,271,0,70,30,151,0
מלאה,164,276,224,0,224,0,9,150,20,23
מלילות,2044,266,210,0,210,0,5,165,10,14
מלכיה,596,407,258,2,256,0,92,27,122,1
מנוחה,2030,416,325,0,325,0,6,240,29,22
מנוף,1174,637,472,0,472,1,134,25,296,1
מנות,1205,349,259,0,259,0,12,145,58,8
מנחמיה,48,930,613,4,609,0,43,337,153,14
מנרה,347,213,146,1,145,0,65,7,68,0
מנשית זבדה,994,827,418,8,410,189,44,7,110,3
מסד,1258,385,295,0,295,0,62,45,161,0
מסדה,263,268,185,0,185,0,40,22,104,1
מסילות,298,432,288,1,287,0,97,18,147,0
מסילת ציון,742,693,568,0,568,0,103,157,251,20
מסלול,748,487,365,3,362,0,27,174,94,23
מסעדה,4203,326,71,0,71,1,2,32,27,3
מסעודין אל-עזאזמה,939,7050,2963,27,2936,2828,32,10,20,9
מעברות,197,736,587,3,584,1,287,24,250,1
מעגלים,1082,1049,887,0,887,9,4,647,16,123
מעגן,678,326,238,1,237,0,38,33,138,0
מעגן מיכאל,694,1678,1161,3,1158,3,443,49,604,1
מעוז חיים,272,464,308,1,307,2,79,23,172,0
מעון,3657,296,237,0,237,0,0,178,1,0
מעונה,570,651,485,2,483,1,22,222,161,11
מעטפות חיצוניות,99999,0,240783,1961,238822,6988,19288,93488,68702,18134
מעיליא,518,2508,1544,16,1528,870,346,107,186,1
מעין ברוך,416,473,336,1,335,1,102,41,166,4
מעין צבי,290,663,475,1,474,1,145,40,259,3
מעלה אדומים,3616,27839,20356,99,20257,7,331,13530,2049,1282
מעלה אפרים,3608,1136,632,4,628,1,12,396,91,19
מעלה גלבוע,1127,351,297,0,297,0,25,54,60,2
מעלה גמלא,4008,390,312,0,312,0,54,36,185,0
מעלה החמישה,286,552,389,0,389,0,125,27,215,1
מעלה לבונה,3752,405,335,0,335,0,0,259,0,9
מעלה מכמש,3651,925,746,0,746,0,3,488,2,22
מעלה עירון,1327,9605,3567,41,3526,3074,137,84,42,161
מעלה עמוס,3653,320,243,1,242,0,0,64,2,132
מעלה שומרון,3637,593,470,1,469,0,5,253,37,14
מעלות-תרשיחא,1063,17972,10715,104,10611,1484,518,5832,1249,630
מענית,344,539,445,0,445,3,185,28,216,1
מעש,230,688,542,1,541,1,62,126,295,9
מפלסים,668,663,477,1,476,2,109,44,281,1
מצדות יהודה,3745,308,253,0,253,0,2,156,5,3
מצובה,325,824,616,1,615,1,99,118,344,3
מצליח,757,972,734,6,728,0,30,451,148,33
מצפה,58,132,103,0,103,0,16,21,55,0
"מצפה אבי""ב",1222,702,567,1,566,0,133,60,326,4
מצפה אילן,1370,165,149,0,149,0,1,69,2,0
מצפה יריחו,3576,1272,1037,3,1034,0,4,772,2,42
מצפה נטופה,1190,636,499,2,497,2,17,195,33,5
מצפה רמון,99,3680,2126,21,2105,23,276,1254,341,60
מצפה שלם,3610,173,125,0,125,0,33,13,65,0
מצר,648,432,324,0,324,1,192,11,111,0
מקווה ישראל,22,152,102,0,102,0,18,31,42,1
מרגליות,843,332,189,0,189,0,12,109,27,10
מרום גולן,4101,563,396,0,396,0,89,41,219,1
מרחב עם,1340,184,166,0,166,0,1,99,3,6
מרחביה (מושב),97,554,421,1,420,1,76,83,216,4
מרחביה (קיבוץ),66,888,650,1,649,0,138,178,278,3
מרכז שפירא,1098,1398,1193,3,1190,0,6,840,45,88
משאבי שדה,421,459,311,1,310,0,107,30,147,1
משגב דב,765,491,398,0,398,1,50,82,243,0
משגב עם,378,259,171,0,171,0,55,19,83,0
משהד,520,5463,2692,15,2677,2510,52,26,28,12
משואה,3605,150,101,0,101,0,3,39,21,0
משואות יצחק,620,469,389,1,388,0,12,162,47,1
משמר איילון,670,402,332,1,331,0,35,110,141,6
משמר דוד,563,483,418,0,418,2,74,71,240,1
משמר הירדן,732,546,403,2,401,1,24,210,101,6
משמר הנגב,395,768,518,1,517,1,184,61,233,0
משמר העמק,130,938,716,1,715,1,359,19,322,1
משמר השבעה,729,674,515,2,513,1,31,172,276,1
משמר השרון,194,511,343,0,343,0,131,22,179,0
משמרות,213,568,452,1,451,1,123,28,266,1
משמרת,425,655,526,1,525,1,94,53,355,1
משען,791,700,551,3,548,0,14,359,56,49
מתן,1315,2508,1927,6,1921,0,276,375,1115,9
מתת,1184,160,109,0,109,3,48,6,40,0
מתתיהו,3648,458,344,6,338,0,0,17,0,295
נאות גולן,4551,411,293,2,291,0,29,55,153,0
נאות הכיכר,1124,211,147,0,147,0,31,25,82,0
נאות מרדכי,408,509,376,0,376,1,104,32,189,5
נאות סמדר,1197,256,151,1,150,0,37,18,87,0
נאעורה,524,1421,613,14,599,334,164,4,71,4
נבטים,396,719,562,3,559,1,36,199,232,11
נגבה,315,681,480,0,480,2,145,43,260,2
נגוהות,3724,137,125,0,125,0,0,75,0,1
נהורה,309,949,708,1,707,1,21,388,162,72
נהלל,80,721,549,4,545,0,106,57,352,0
נהריה,9100,49909,31409,224,31185,85,1430,18048,7238,1485
נוב,4304,486,407,0,407,0,2,174,15,4
נוגה,55,399,286,0,286,1,12,173,58,13
נווה,1366,309,278,5,273,0,0,247,0,18
נווה אור,590,338,231,1,230,0,76,26,107,1
"נווה אטי""ב",4303,165,111,1,110,0,8,28,54,0
נווה אילן,405,686,493,0,493,3,105,90,242,5
נווה איתן,296,188,122,1,121,0,48,11,49,0
נווה דניאל,3725,1525,1183,1,1182,0,2,556,12,17
נווה זוהר,1057,58,22,0,22,0,3,10,4,1
נווה זיו,1314,525,387,0,387,0,37,114,163,15
נווה ים,312,211,154,1,153,0,32,51,53,2
נווה ימין,686,1018,776,3,773,0,46,412,217,32
נווה ירק,858,836,676,0,676,0,81,92,442,4
נווה מבטח,827,453,374,3,371,1,45,59,234,2
נווה מיכאל,1071,460,355,1,354,0,5,237,30,33
נווה שלום,1259,205,145,1,144,79,53,0,12,0
נועם,15,302,217,2,215,0,1,172,5,29
נוף איילון,1333,1704,1451,1,1450,0,10,979,13,82
נופים,3790,497,378,2,376,0,5,249,21,8
נופית,1284,1991,1528,4,1524,1,219,242,951,4
נופך,257,394,319,4,315,1,25,162,80,16
נוקדים,3726,1137,875,0,875,1,10,481,29,25
נורדיה,447,1544,1184,8,1176,1,129,273,662,14
נורית,833,98,82,0,82,0,11,30,28,0
נחושה,59,731,603,1,602,0,16,237,31,31
נחל עוז,844,341,245,0,245,0,78,16,132,1
נחלה,2045,476,390,0,390,0,27,203,76,43
נחליאל,3767,330,258,0,258,2,0,158,0,64
נחלים,449,902,766,1,765,0,10,429,55,9
נחם,809,408,345,1,344,0,9,242,14,36
נחף,522,8240,4289,11,4278,3254,191,46,42,19
נחשולים,433,531,423,0,423,0,133,23,249,0
נחשון,777,458,346,4,342,4,173,14,146,0
נחשונים,705,344,247,0,247,0,111,15,110,0
נטועה,1147,240,184,1,183,0,6,117,27,14
נטור,4014,234,188,0,188,0,12,46,42,2
נטע,1369,216,186,0,186,0,1,141,0,3
נטעים,174,536,413,1,412,0,72,67,231,0
נטף,1254,358,295,0,295,7,148,8,111,0
ניין,523,1311,683,13,670,235,310,21,85,0
"ניל""י",3655,1089,844,2,842,1,45,344,288,8
ניצן,351,1338,1080,5,1075,0,7,737,22,36
ניצן ב',1419,664,510,2,508,0,0,339,23,23
ניצנה (קהילת חינוך),1195,183,79,1,78,3,9,8,37,0
ניצני סיני,1280,201,143,0,143,0,16,22,71,0
ניצני עוז,851,748,560,2,558,1,74,216,220,5
ניצנים,359,329,250,1,249,0,89,9,138,0
ניר אליהו,808,418,298,1,297,0,100,18,169,0
ניר בנים,553,605,487,1,486,1,92,52,318,3
ניר גלים,720,616,535,0,535,0,13,294,26,18
ניר דוד (תל עמל),256,610,481,2,479,0,194,15,241,1
"ניר ח""ן",11,403,289,1,288,0,31,104,111,2
ניר יפה,165,402,300,1,299,0,20,122,108,7
ניר יצחק,402,585,389,1,388,5,224,12,137,0
ניר ישראל,699,585,449,0,449,0,52,98,240,3
ניר משה,2047,414,296,1,295,0,41,79,134,9
ניר עוז,69,329,247,0,247,1,121,12,103,0
ניר עם,348,385,251,0,251,0,59,30,136,3
ניר עציון,769,404,301,0,301,1,18,139,27,4
ניר עקיבא,2048,477,377,1,376,0,31,178,97,31
ניר צבי,331,920,739,1,738,1,149,90,435,8
נירים,602,384,284,2,282,1,142,16,109,1
נירית,1236,810,647,1,646,2,121,54,436,2
נירן,3620,72,57,0,57,1,34,0,21,0
נס הרים,825,750,574,0,574,2,46,293,163,10
נס עמים,1143,219,176,0,176,4,27,44,89,0
נס ציונה,7200,33516,25645,121,25524,27,2536,8134,12055,704
נעורים,186,173,75,0,75,0,8,21,39,2
נעלה,3787,1121,864,6,858,1,23,417,236,8
"נעמ""ה",3713,138,98,0,98,0,3,32,39,0
נען,158,1294,995,4,991,2,373,54,506,1
נצאצרה (שבט),1041,319,93,0,93,82,1,3,0,5
נצר חזני,1372,245,219,2,217,0,0,137,3,12
נצר סרני,435,579,477,1,476,0,196,18,243,1
נצרת,7300,57041,22720,315,22405,18632,1853,525,911,46
נצרת עילית,1061,39282,21677,376,21301,3265,1064,11998,2832,646
נשר,2500,19580,12601,79,12522,32,722,6618,3708,465
נתיב הגדוד,3555,154,107,0,107,0,5,39,47,0
"נתיב הל""ה",693,448,346,1,345,3,144,18,167,0
נתיב העשרה,1242,657,526,3,523,2,64,113,256,1
נתיב השיירה,792,416,315,2,313,0,33,140,100,5
נתיבות,246,22599,16955,118,16837,6,117,7692,536,7421
נתניה,7400,181085,109241,818,108423,59,4032,57734,24752,12647
סאג'ור,525,2945,1295,7,1288,62,377,440,191,130
סאסא,578,420,301,0,301,0,158,8,122,1
סביון,587,3777,2574,6,2568,6,312,577,1501,24
סגולה,2046,430,349,1,348,0,43,95,186,4
סואעד (חמרייה),942,144,49,2,47,35,7,1,4,0
סולם,526,1964,871,6,865,549,214,18,65,12
סוסיה,3756,660,548,2,546,0,1,330,5,4
סופה,1238,185,119,0,119,1,26,18,59,0
סח'נין,7500,21019,17106,84,17022,16104,496,262,60,29
סייד (שבט),1170,872,149,4,145,52,14,12,22,38
סלמה,1245,2177,975,14,961,512,17,74,212,126
סלעית,3567,710,579,0,579,0,90,67,369,2
סמר,1156,229,148,0,148,3,86,0,53,0
סנסנה,3777,204,186,0,186,0,1,79,6,0
סעד,419,619,491,2,489,0,33,173,109,2
סעוה,1360,871,231,1,230,155,12,8,35,13
סער,454,606,449,3,446,0,114,92,212,0
ספיר,1176,308,195,3,192,0,14,70,68,1
סתריה,610,797,637,2,635,2,104,95,383,7
ע'ג'ר,4501,1666,613,14,599,9,68,318,145,33
עבדון,892,513,363,0,363,0,8,219,49,46
עברון,376,664,527,0,527,2,237,17,252,2
עגור,794,303,224,0,224,0,11,157,19,30
עדי,1199,1479,1140,2,1138,0,102,249,685,3
עדנים,2035,299,233,0,233,1,21,44,150,0
עוזה,826,362,273,0,273,0,0,187,6,73
עוזייר,528,1952,782,1,781,601,67,7,40,37
עולש,737,758,602,4,598,0,72,113,335,13
עומר,666,6432,4839,13,4826,29,629,1429,2184,26
עופר,810,399,317,0,317,1,60,87,136,4
עופרה,3617,1869,1499,2,1497,0,3,817,20,9
עוצם,32,426,326,2,324,0,1,124,15,166
עוקבי (בנו עוקבה),957,276,121,2,119,81,31,0,7,0
עזר,1149,622,494,2,492,0,44,167,202,21
עזריאל,837,603,502,1,501,0,8,360,42,26
עזריה,711,777,635,0,635,0,14,447,80,46
עזריקם,817,918,718,2,716,0,20,477,124,28
עטאוונה (שבט),969,111,5,0,5,2,0,0,2,0
עטרת,3658,295,256,0,256,0,0,187,2,2
עידן,1175,296,189,0,189,0,43,23,98,0
עיילבון,530,4097,2639,24,2615,1389,407,203,533,35
עיינות,156,109,53,0,53,0,6,18,20,0
עילוט,511,5109,1435,25,1410,1078,109,23,16,156
עין איילה,687,736,582,0,582,0,107,87,340,1
עין אל-אסד,546,619,322,0,322,13,71,58,167,0
עין גב,273,481,327,0,327,0,96,35,160,1
עין גדי,2042,477,326,1,325,1,116,30,145,2
עין דור,436,904,595,0,595,2,213,33,314,0
עין הבשור,1240,729,557,1,556,0,79,104,302,6
עין הוד,74,496,369,0,369,3,130,18,173,1
עין החורש,167,685,561,1,560,1,278,14,256,0
עין המפרץ,289,693,553,0,553,0,253,15,277,1
"עין הנצי""ב",383,444,354,0,354,2,19,89,44,3
עין העמק,367,568,455,0,455,0,26,294,69,14
עין השופט,270,873,530,0,530,2,270,35,209,2
עין השלושה,676,305,186,2,184,1,39,29,108,0
עין ורד,157,1089,885,1,884,2,187,64,584,4
עין זיוון,4503,272,187,1,186,0,39,30,97,0
עין חוד,1320,187,69,0,69,31,11,4,0,21
עין חרוד (איחוד),89,524,397,2,395,1,98,26,252,1
עין חרוד (מאוחד),82,680,491,3,488,0,176,34,240,1
עין יהב,806,526,398,0,398,3,80,24,276,0
עין יעקב,813,692,547,1,546,0,49,304,110,26
עין כרמל,426,521,417,3,414,1,127,40,229,0
עין מאהל,532,8766,3888,35,3853,3433,128,69,29,128
עין נקובא,521,1617,726,51,675,266,63,176,127,5
עין עירון,223,411,345,2,343,2,84,28,223,1
עין צורים,622,464,373,2,371,0,25,161,47,4
עין קנייא,4502,134,30,0,30,0,7,17,5,1
עין ראפה,514,634,248,13,235,79,80,11,55,0
עין שמר,139,576,433,4,429,1,190,28,200,0
עין שריד,880,1077,823,2,821,2,104,274,354,38
עין תמר,1251,143,94,0,94,0,5,26,43,0
עינת,871,555,467,0,467,0,147,36,264,2
עכו,7600,41584,24254,330,23924,4897,813,12761,2465,1611
עלומים,1146,346,278,0,278,0,17,80,35,0
עלי,3765,2105,1672,1,1671,1,6,1272,12,31
עלי זהב,3727,1345,1137,1,1136,0,4,552,29,14
עלמה,688,578,448,0,448,1,2,389,8,36
עלמון,3715,951,733,0,733,0,21,457,108,5
עמוקה,1212,146,109,2,107,1,31,7,59,0
עמיחי,3824,65,64,0,64,0,0,52,0,1
עמינדב,779,638,488,1,487,2,66,195,144,12
עמיעד,385,428,271,2,269,0,106,10,136,1
עמיעוז,318,207,133,0,133,0,3,50,40,19
עמיקם,773,514,396,1,395,2,75,68,201,1
עמיר,319,502,372,0,372,2,158,27,167,0
עמנואל,3660,2149,1562,14,1548,1,3,339,2,1132
עמקה,708,565,432,2,430,0,8,295,44,31
ענב,3712,490,414,0,414,0,1,274,1,42
עספיא,534,8983,4531,59,4472,578,609,951,2142,40
עפולה,7700,40352,26116,252,25864,32,768,16214,4347,2298
עץ אפרים,3778,1298,1060,1,1059,0,13,613,101,39
עצמון שגב,917,906,665,1,664,1,166,54,407,2
עראבה,531,16252,9661,45,9616,9309,117,86,38,18
עראמשה,1246,1011,346,5,341,96,63,25,119,33
ערב אל נעים,1335,493,269,11,258,64,9,168,4,1
ערד,2560,21506,13056,131,12925,72,638,5177,3139,3034
ערוגות,593,679,549,5,544,0,59,143,294,5
ערערה,637,12964,5078,56,5022,4015,646,80,92,67
ערערה-בנגב,1192,8197,4635,42,4593,4261,75,56,78,75
עשרת,591,880,700,1,699,1,94,105,465,4
עתלית,53,5523,3966,25,3941,4,319,1718,1437,136
עתניאל,3748,450,370,0,370,0,1,211,3,4
פארן,1151,364,276,1,275,0,54,15,198,0
פדואל,3768,1020,894,1,893,0,1,633,5,14
פדויים,750,327,222,0,222,0,4,120,29,27
פדיה,838,587,462,3,459,0,19,309,69,20
פוריה - כפר עבודה,1104,265,185,0,185,0,3,129,23,10
פוריה - נווה עובד,1105,990,696,2,694,1,14,490,78,36
פוריה עילית,1313,849,575,2,573,2,44,313,149,8
פוריידיס,537,8490,5437,43,5394,1966,1752,1189,107,278
פורת,767,893,613,3,610,0,4,429,45,74
פטיש,749,652,541,2,539,0,8,307,55,117
פלמחים,597,580,426,1,425,1,163,40,193,4
פני חבר,3723,213,181,2,179,0,3,157,3,3
פסגות,3659,1000,858,1,857,1,3,671,1,7
פסוטה,535,2581,1136,4,1132,584,293,86,119,33
"פעמי תש""ז",2059,373,294,2,292,1,10,153,44,62
פצאל,3615,230,195,0,195,0,10,79,59,0
פקיעין (בוקייעה),536,4334,2553,34,2519,562,594,720,436,142
פקיעין חדשה,281,317,250,1,249,0,6,145,15,68
פרדס חנה-כרכור,7800,30005,21654,103,21551,58,3036,8254,7735,827
פרדסיה,171,4968,3840,12,3828,14,384,1130,1889,78
פרוד,599,431,329,2,327,3,81,36,180,0
פרזון,2053,319,227,0,227,0,15,156,27,8
פרי גן,1231,162,111,0,111,0,9,51,28,0
פתח תקווה,7900,189414,131617,880,130737,83,6048,62231,35488,13560
פתחיה,839,616,487,2,485,0,16,251,143,26
צאלים,413,399,296,0,296,2,105,34,128,1
צביה,1180,265,203,1,202,0,53,10,122,0
צבעון,1213,147,121,0,121,1,59,8,37,1
צובה,465,623,404,0,404,1,203,14,159,1
צוחר,1136,453,328,0,328,0,23,162,102,11
צופים,3791,1417,1146,1,1145,0,27,538,161,31
צופית,198,795,596,0,596,2,131,53,387,2
צופר,1150,334,255,0,255,0,46,13,176,0
צוקי ים,1102,158,119,0,119,1,25,21,71,1
צוקים,1262,179,137,0,137,2,36,7,78,0
צור הדסה,1113,5457,4289,13,4276,19,587,1562,1377,48
צור יצחק,1345,3350,2835,6,2829,2,243,636,1651,38
צור משה,276,1823,1421,6,1415,3,209,201,909,12
צור נתן,1148,230,172,1,171,0,14,59,80,1
צוריאל,774,285,214,0,214,0,8,154,17,6
צורית,1221,714,530,1,529,0,71,67,333,0
ציפורי,613,648,496,1,495,2,78,85,290,1
צלפון,796,664,515,3,512,0,16,325,80,27
צנדלה,636,1202,385,9,376,323,28,15,3,2
צפריה,594,512,437,1,436,0,2,226,26,20
צפרירים,1079,300,200,1,199,2,46,62,55,14
צפת,8000,23118,14130,96,14034,100,213,7819,855,4045
צרופה,612,702,532,0,532,0,30,227,176,38
צרעה,567,833,555,2,553,15,240,22,264,1
קבועה (שבט),1234,724,194,5,189,122,23,1,10,21
קבוצת יבנה,334,602,451,2,449,0,30,104,146,2
קדומים,3557,2609,2183,6,2177,0,4,1533,24,46
קדימה-צורן,195,15275,11630,35,11595,24,1128,3340,5776,525
קדמת צבי,4025,372,290,0,290,0,28,49,165,0
קדר,3781,954,707,2,705,0,8,486,88,18
קדרון,615,1143,902,3,899,0,133,91,622,3
קדרים,1211,176,128,0,128,0,41,21,57,0
קודייראת א-צאנע(שבט),964,1306,168,2,166,128,7,7,11,0
קוואעין (שבט),972,472,65,1,64,52,1,6,1,1
קוממיות,766,240,138,0,138,0,0,5,0,133
קורנית,1179,630,513,0,513,1,156,45,287,0
קטורה,1052,440,242,3,239,2,92,14,115,1
קיסריה,1167,4772,3150,5,3145,9,360,857,1655,33
קלחים,414,350,291,1,290,0,57,102,91,16
קליה,3601,372,279,0,279,0,23,69,104,3
קלנסווה,638,13987,6667,74,6593,5796,550,78,83,15
קלע,4024,212,127,1,126,0,19,40,41,1
קציר,1243,2191,1551,2,1549,16,312,380,697,12
קצר א-סר,1347,1194,666,9,657,550,34,4,25,3
קצרין,4100,6040,3565,38,3527,1,142,2098,724,82
קרית אונו,2620,28727,21670,90,21580,34,2790,6423,10227,555
קרית ארבע,3611,4704,3455,13,3442,0,19,2833,66,98
קרית אתא,6800,46961,30871,246,30625,15,934,18131,6258,2602
קרית ביאליק,9500,34220,22168,157,22011,12,1237,10580,7681,685
קרית גת,2630,41706,27769,331,27438,9,508,16502,3389,4988
קרית טבעון,2300,13652,9727,29,9698,73,2219,1842,4780,128
קרית ים,9600,36506,21114,227,20887,13,596,13658,4312,670
קרית יערים,1137,3194,2403,19,2384,1,10,245,11,2038
קרית מוצקין,8200,37178,24868,156,24712,19,1345,12086,8494,565
קרית מלאכי,1034,16901,11285,99,11186,20,198,7233,829,1975
קרית נטפים,3746,410,345,1,344,0,0,194,2,11
קרית ענבים,78,304,220,0,220,0,81,18,109,2
קרית עקרון,469,8178,5782,63,5719,5,170,3720,854,507
קרית שמונה,2800,18257,11030,93,10937,13,352,7611,1219,678
קרני שומרון,3640,5326,4109,19,4090,1,41,2631,188,117
קשת,4006,424,334,0,334,0,2,243,4,6
ראמה,543,6301,3399,70,3329,1632,468,383,735,57
ראס אל-עין,1334,263,157,2,155,75,4,8,65,0
ראס עלי,990,390,158,3,155,93,8,3,9,39
ראש העין,2640,40024,31066,112,30954,16,1361,13803,10495,2579
ראש פינה,26,2404,1765,1,1764,10,320,543,705,20
ראש צורים,3602,484,427,1,426,0,0,155,9,0
ראשון לציון,8300,204949,138817,713,138104,95,7749,65012,48716,4983
רבבה,3795,1122,986,4,982,0,4,717,3,26
רבדים,564,564,414,0,414,1,197,16,181,1
רביבים,354,696,442,2,440,4,188,36,168,1
רגבה,390,807,615,4,611,1,127,94,365,2
רגבים,444,410,286,1,285,3,78,25,165,0
רהט,1161,32511,16131,179,15952,14031,758,224,600,145
רווחה,2051,424,349,0,349,0,3,254,15,53
רוויה,2016,253,173,0,173,0,1,120,5,26
רוחמה,362,498,350,1,349,0,140,15,184,1
רומאנה,539,709,478,1,477,418,10,0,10,0
רומת הייב,997,1333,526,6,520,34,34,20,245,32
רועי,3619,129,99,0,99,0,5,35,44,0
רחוב,854,322,235,0,235,0,0,175,13,18
רחובות,8400,105909,73520,395,73125,122,5791,30986,22390,6853
רחלים,3822,303,277,0,277,0,0,175,0,2
ריחאניה,540,913,517,9,508,29,172,44,257,1
ריחן,3568,192,155,0,155,0,21,49,50,0
ריינה,542,11269,5195,95,5100,4348,215,129,163,172
רימונים,3565,513,357,1,356,0,0,245,39,3
רינתיה,616,701,564,0,564,0,61,208,219,11
רכסים,922,6113,5276,50,5226,0,23,503,75,4553
רם-און,1069,644,498,1,497,0,91,55,307,1
רמות,4702,435,347,0,347,0,47,51,215,3
רמות השבים,206,1148,888,2,886,3,180,84,569,2
רמות מאיר,735,558,413,1,412,1,54,94,209,4
רמות מנשה,445,821,650,1,649,5,242,26,349,0
רמות נפתלי,372,430,323,3,320,0,44,96,129,10
רמלה,8500,55296,32557,454,32103,3118,1203,18700,3938,3123
רמת גן,8600,129802,87126,370,86756,232,10197,28491,37224,3204
רמת דוד,135,348,280,2,278,0,87,19,156,0
רמת הכובש,184,654,508,0,508,1,181,26,275,1
רמת השופט,335,718,515,2,513,1,188,45,247,1
רמת השרון,2650,36941,27033,70,26963,75,3873,5677,14978,996
רמת יוחנן,178,827,583,1,582,0,216,45,296,1
רמת ישי,122,5666,4289,15,4274,4,483,1279,2101,41
רמת מגשימים,4701,440,357,0,357,0,3,211,15,2
רמת צבי,339,445,373,0,373,1,85,42,212,2
רמת רזיאל,460,469,352,0,352,4,85,92,129,1
רמת רחל,127,357,284,0,284,0,65,27,178,1
רנן,789,427,325,1,324,1,13,157,94,1
רעים,713,366,273,1,272,0,105,14,140,0
רעננה,8700,64703,44309,142,44167,44,4293,13684,19228,1865
רקפת,1228,741,558,0,558,1,140,16,354,3
רשפון,247,867,680,0,680,0,116,87,445,0
רשפים,437,595,496,0,496,0,131,36,203,2
רתמים,1260,217,179,0,179,0,7,39,21,1
שאר ישוב,324,425,322,0,322,0,39,99,151,3
שבי ציון,282,864,629,3,626,2,80,139,327,3
שבי שומרון,3571,543,445,1,444,0,2,335,9,9
שבלי - אום אל-גנם,913,4055,1607,14,1593,743,294,78,398,17
שגב-שלום,1286,4828,2029,30,1999,1888,37,17,36,1
שדה אילן,721,380,314,0,314,0,8,160,34,9
שדה אליהו,304,618,404,2,402,0,15,167,57,3
שדה אליעזר,861,637,480,0,480,0,44,181,183,4
שדה בוקר,885,408,286,2,284,2,99,11,154,0
שדה דוד,36,395,299,0,299,0,10,178,58,37
שדה ורבורג,284,985,778,1,777,2,146,87,517,1
שדה יואב,293,369,294,0,294,0,102,11,169,0
שדה יעקב,142,614,504,0,504,1,25,249,67,7
שדה יצחק,2008,395,283,0,283,2,36,79,146,4
שדה משה,18,398,306,4,302,0,22,88,165,2
שדה נחום,259,495,384,1,383,1,57,96,170,4
שדה נחמיה,329,735,575,0,575,0,130,135,261,2
שדה ניצן,1058,363,215,0,215,0,64,18,109,2
שדה עוזיהו,739,970,759,3,756,0,9,600,52,56
שדה צבי,2049,418,310,0,310,0,26,141,80,27
שדות ים,327,696,579,0,579,2,140,54,342,11
שדות מיכה,27,267,196,1,195,0,5,118,13,38
שדי אברהם,1223,250,184,3,181,0,25,33,104,0
שדי חמד,2015,717,581,1,580,0,93,104,338,2
שדי תרומות,2057,363,257,1,256,0,0,218,7,7
שדמה,555,390,295,1,294,2,52,30,196,0
שדמות דבורה,306,482,392,0,392,0,59,44,262,0
שדמות מחולה,3578,380,326,0,326,0,1,206,2,1
שדרות,1031,19944,12918,158,12760,14,505,8670,1176,1108
שואבה,741,465,357,1,356,2,69,114,135,5
שובה,761,426,336,1,335,0,3,250,7,28
שובל,394,618,484,2,482,2,190,27,243,1
שוהם,1304,15504,12170,27,12143,5,1092,3622,5622,155
שומרה,614,299,198,0,198,0,7,138,25,22
שומריה,1265,326,269,1,268,0,0,245,2,4
שוקדה,415,261,210,0,210,0,2,140,3,14
שורש,456,1087,868,9,859,1,152,228,367,4
שורשים,1235,393,290,0,290,3,64,40,156,0
שושנת העמקים,224,443,315,0,315,0,27,149,86,29
שזור,527,272,188,0,188,0,5,139,23,11
שחר,7,516,371,0,371,0,26,170,99,35
שחרות,1266,112,75,0,75,0,18,8,42,0
שיבולים,865,265,214,1,213,0,1,156,13,14
שייח' דנון,658,1952,1059,20,1039,773,156,15,5,49
שילה,3641,1917,1583,2,1581,0,3,1110,5,30
שילת,1165,484,392,0,392,0,91,54,214,3
שכניה,1160,609,481,0,481,4,129,41,267,1
שלווה,873,378,304,0,304,0,1,229,6,60
שלוחות,439,362,277,1,276,0,13,86,48,5
שלומי,812,5035,3367,22,3345,0,109,2077,580,237
שלומית,1364,109,94,0,94,0,0,70,0,4
שמיר,366,674,519,0,519,2,193,23,276,0
שמעה,3784,425,320,1,319,0,8,221,18,4
שמרת,432,421,308,2,306,0,130,34,129,0
שמשית,1337,1791,1338,1,1337,1,259,160,841,7
שני,1287,458,339,3,336,0,16,193,71,2
שניר,1132,424,322,0,322,0,90,28,177,0
שעב,538,4752,2867,13,2854,2469,82,104,30,59
שעל,4009,213,170,1,169,0,18,58,64,4
שעלבים,856,706,625,2,623,0,6,478,4,39
שער אפרים,661,1225,936,5,931,0,72,392,343,34
שער הגולן,264,493,394,0,394,1,141,28,215,0
שער העמקים,237,551,434,1,433,2,207,9,207,1
שער מנשה,921,131,13,2,11,0,1,2,5,3
שערי תקווה,3720,3868,3023,6,3017,4,84,1541,566,79
שפיים,232,976,774,1,773,3,276,23,457,1
שפיר,692,518,438,0,438,1,14,240,103,22
שפר,846,316,233,0,233,0,14,146,35,8
שפרעם,8800,28453,13491,211,13280,8166,1230,2281,1227,137
שקד,3649,594,440,1,439,0,11,201,117,2
שקף,1233,282,224,0,224,0,42,46,102,0
שרונה,292,443,351,1,350,0,75,40,205,1
שריגים (לי-און),1114,813,614,2,612,4,182,108,274,2
שריד,126,751,546,1,545,1,217,34,267,2
שרשרת,398,253,192,0,192,0,1,147,3,27
שתולה,1045,227,167,0,167,1,11,99,26,10
שתולים,763,1370,1044,4,1040,0,21,623,224,33
תאשור,2062,292,211,2,209,1,37,67,75,4
תדהר,2061,397,302,0,302,0,23,168,55,7
תובל,1172,374,246,0,246,7,124,16,91,0
תומר,3558,252,209,1,208,0,17,52,94,0
תושיה,1083,322,262,0,262,0,1,207,2,8
תימורים,163,632,497,0,497,2,58,66,321,4
תירוש,10,333,237,2,235,0,5,143,5,76
תל אביב - יפו,5000,426398,268795,1194,267601,6198,46825,64664,122271,10957
תל יוסף,84,371,287,0,287,0,63,17,186,1
תל יצחק,287,663,540,3,537,1,109,60,333,1
תל מונד,154,9255,7091,25,7066,4,574,2097,3595,142
תל עדשים,103,838,674,2,672,1,86,153,360,2
תל קציר,719,306,220,0,220,0,57,27,108,0
תל שבע,1054,9286,2870,29,2841,2477,126,51,98,24
תל תאומים,1283,326,245,2,243,0,1,159,22,10
תלם,3719,210,195,1,194,0,1,133,9,9
תלמי אליהו,1051,231,148,1,147,0,9,67,36,12
תלמי אלעזר,2003,634,503,0,503,0,70,117,282,1
"תלמי ביל""ו",2050,337,253,1,252,0,13,156,40,7
תלמי יוסף,1237,257,174,0,174,0,36,31,82,1
תלמי יחיאל,727,617,481,0,481,0,35,151,229,9
תלמי יפה,744,490,365,1,364,0,34,101,176,1
תלמים,814,557,421,1,420,2,4,248,17,111
תמרת,1244,1191,953,0,953,2,235,88,592,5
תנובות,2002,617,477,6,471,0,43,210,160,15
תעוז,752,425,343,2,341,1,25,161,87,34
תפרח,709,999,879,6,873,0,0,62,9,787
תקומה,665,479,410,0,410,0,14,215,61,9
תקוע,3563,2067,1620,3,1617,2,20,659,58,36
תראבין א-צאנע (שבט),970,496,26,0,26,11,3,2,9,1
תראבין א-צאנע(ישוב),1346,567,143,2,141,56,15,46,10,0
תרום,778,556,441,1,440,0,8,246,41,40
